decay,dot1_tau_m,dot2_tau_m,tau1,dots3_tau1,dots4_tau1
16479.169767128747,44,444,616.1571830698758,3,16
