decay,dot1_tau_m,dot2_tau_m,tau1,dots3_tau1,dots4_tau1
18663.878851132347,300,530,4862.966711275473,32,100
