decay,dot1_tau_m,dot2_tau_m,tau1,dots3_tau1,dots4_tau1
14554.135674395604,68,373,358.40505030920616,1,7
