decay,dot1_tau_m,dot2_tau_m,tau1,dots3_tau1,dots4_tau1
13849.7392159562,234,529,10084.9713997375,44,171
