decay,dot1_tau_m,dot2_tau_m,tau1,dots3_tau1,dots4_tau1
16474.413549996218,225,360,7741.103911768789,30,140
