decay,dot1_tau_m,dot2_tau_m,tau1,dots3_tau1,dots4_tau1
15176.091306114622,225,397,7865.787949103009,40,145
