cell_name,decay,dot1_tau_m,dot2_tau_m,tau1,dots3_tau1,dots4_tau1
2017_07_06_C_3-4,17090.122737558107,104,384,526.905218217219,4,16
