cells_name,decay,dot1_tau_m,dot2_tau_m,tau1,dots3_tau1,dots4_tau1
2017_07_06_C_3-4,19791.12059387631,400,550,13966.85749576225,150,230
2017_05_08_A_4-5,17411.479516296255,260,530,4234.3280687021215,20,70
2017_07_06_C_4-3,18698.18685989402,230,580,5946.340614498644,30,130
2017_04_03_B,16474.413549996218,225,360,7741.103911768789,30,140
2017_05_08_A_5-4,21722.265370149144,370,670,12193.862883857197,95,180
2017_02_20_B,23032.11729299969,345,615,16001.660447946453,75,215
2016_08_30_A,18663.878851132347,300,530,4862.966711275473,32,100
