decay,dot1_tau_m,dot2_tau_m,tau1,dots3_tau1,dots4_tau1
14646.383088670289,100,450,962.5521228265303,14,29
