decay,dot1_tau_m,dot2_tau_m,tau1,dots3_tau1,dots4_tau1
18698.18685989402,230,580,5946.340614498644,30,130
