decay,dot1_tau_m,dot2_tau_m,tau1,dots3_tau1,dots4_tau1
18409.780714963334,57,532,1341.8101378790332,21,55
