decay,dot1_tau_m,dot2_tau_m,tau1,dots3_tau1,dots4_tau1
18355.72245677498,65,540,366.79146117985886,1,5
