decay,dot1_tau_m,dot2_tau_m,tau1,dots3_tau1,dots4_tau1
19496.9888096723,290,508,707.4531484285158,3,14
