decay,dot1_tau_m,dot2_tau_m,tau1,dots3_tau1,dots4_tau1
13421.706838788214,162,228,1341.8811889646554,1,5
