decay,dot1_tau_m,dot2_tau_m,tau1,dots3_tau1,dots4_tau1
15017.3592502633,295,380,27706.1186442295,60,155
