decay,dot1_tau_m,dot2_tau_m,tau1,dots3_tau1,dots4_tau1
15711.412644458314,140,440,4922.650922158957,34,50
