decay,dot1_tau_m,dot2_tau_m,tau1,dots3_tau1,dots4_tau1
17411.479516296255,260,530,4234.3280687021215,20,70
