decay,dot1_tau_m,dot2_tau_m,tau1,dots3_tau1,dots4_tau1
20910.235021051652,165,695,2386.128058026839,11,56
