decay,dot1_tau_m,dot2_tau_m,tau1,dots3_tau1,dots4_tau1
21722.265370149144,370,670,12193.862883857197,95,180
