decay,dot1_tau_m,dot2_tau_m,tau1,dots3_tau1,dots4_tau1
17506.495879742088,227,577,4682.911464004366,34,140
