decay,dot1_tau_m,dot2_tau_m,tau1,dots3_tau1,dots4_tau1
23032.11729299969,345,615,16001.660447946453,75,215
