decay,dot1_tau_m,dot2_tau_m,tau1,dots3_tau1,dots4_tau1
16832.697250248162,65,312,688.6580212680861,1,26
