decay,dot1_tau_m,dot2_tau_m,tau1,dots3_tau1,dots4_tau1
17342.22791235308,233,611,7918.50601239722,100,209
