decay,dot1_tau_m,dot2_tau_m,tau1,dots3_tau1,dots4_tau1
15497.451554933567,165,428,4625.962378139016,37,115
