decay,dot1_tau_m,dot2_tau_m,tau1,dots3_tau1,dots4_tau1
14858.2641711602,220,380,3256.2207582477827,35,109
