decay,dot1_tau_m,dot2_tau_m,tau1,dots3_tau1,dots4_tau1
17139.777906498606,96,543,1031.0256244020575,12,30
