decay,dot1_tau_m,dot2_tau_m,tau1,dots3_tau1,dots4_tau1
17090.122737558107,104,384,526.905218217219,4,16
