decay,dot1_tau_m,dot2_tau_m,tau1,dots3_tau1,dots4_tau1
19791.12059387631,400,550,13966.85749576225,150,230
